state_id,AnalyticalResultValue
0,2.282288591180721
1,0.4846830936936245
2,0.30932958627882723
3,0.34077670527268755
4,0.3226821843003413
5,0.4597137219894334
6,0.5049174359490612
